lifecycle_stage,engagement_tier,revenue_tier,clv_value_tier,value_based_action_group,retention_budget_tier,customers,future_churn_rate,profit_adjusted_clv_proxy,future_churned_clv_proxy,avg_engagement_score,avg_active_days,auto_renew_rate,cancellation_signal_rate,no_recent_activity_rate,major_activity_drop_rate,leakage_priority_score,leakage_strategy_readout
Long-tenure,High engagement,High revenue,Elite value,Protect high-value customer,Premium save budget,54901,0.20209103659314037,127944007.65249597,62930292.62000017,14.525390454680899,21.097247773264602,0.5741971913079907,0.0,0.0,0.0,62930292.62000017,Model should prioritize
Established,High engagement,High revenue,Elite value,Protect high-value customer,Premium save budget,25445,0.20204362350167027,49922179.6775011,22945289.31500009,14.527863480896238,21.068382786402044,0.5209274906661426,0.0,0.0,0.0,22945289.31500009,Model should prioritize
Long-tenure,High engagement,High revenue,Elite value,Premium win-back,Premium save budget,9436,0.26494277236117,17799195.700000018,6194712.907499996,14.051332842823653,18.222128020347604,1.0,1.0,0.0,0.0,12389425.814999992,Model should prioritize
Long-tenure,High engagement,No observed revenue,Elite value,Protect high-value customer,Premium save budget,2312,0.9273356401384083,9657990.723333325,9477993.70916666,14.586270927897807,21.493512110726645,0.007352941176470588,0.0,0.0,0.0,9477993.70916666,Model should prioritize
Established,High engagement,High revenue,Elite value,Premium win-back,Premium save budget,4689,0.3727873747067605,6724748.777500005,2651515.9449999984,13.850324636895238,17.038174450842398,1.0,1.0,0.0,0.0,5303031.889999997,Model should prioritize
Long-tenure,High engagement,Medium revenue,High value,Targeted retention nurture,Moderate save budget,124702,0.03562092027393306,151123190.40000728,4494566.374999987,14.279512376861488,19.545500473127937,0.9314124873698898,0.012325383714776025,0.0,0.0,4549963.630203392,Watchlist segment
Long-tenure,High engagement,Medium revenue,Core value,Standard lifecycle nurture,Low-cost save budget,103188,0.039713920223281775,120103855.92833479,4170696.789999986,14.230655653177495,19.38423072450285,0.9455072295228127,0.010010853975268443,0.0,0.0,4212449.026539796,Watchlist segment
Early lifecycle,High engagement,High revenue,Elite value,Protect high-value customer,Premium save budget,9180,0.15261437908496733,13038361.309999881,3657180.930000003,14.498483416565751,20.783769063180827,0.6099128540305011,0.0,0.0,0.0,3657180.930000003,Model should prioritize
Established,High engagement,No observed revenue,Elite value,Protect high-value customer,Premium save budget,1029,0.9057337220602527,2762331.1950000008,2670769.9850000003,14.613012187106474,21.62390670553936,0.0,0.0,0.0,0.0,2670769.9850000003,Model should prioritize
Unknown tenure,No observed activity,High revenue,Elite value,Premium win-back,Premium save budget,1821,0.8116419549697969,870532.3899999765,696087.7949999813,0.0,0.0,1.0,1.0,1.0,0.0,1392175.5899999626,Model should prioritize
Long-tenure,High engagement,Medium revenue,Elite value,Protect high-value customer,Premium save budget,47988,0.024756189047261814,59450686.78249566,1382840.7666666673,14.304104590169091,19.655497207635243,0.9176044011002751,0.0,0.0,0.0,1382840.7666666673,"Monitor, do not overspend"
Long-tenure,No observed activity,High revenue,Elite value,High-value reactivation,Premium save budget,1607,0.3634100808960797,2575180.205000077,1270758.23333333,0.0,0.0,0.9682638456751711,0.0,1.0,0.0,1270758.23333333,Model should prioritize
Long-tenure,No observed activity,High revenue,Elite value,Premium win-back,Premium save budget,946,0.8044397463002114,813028.0599999938,630069.8949999932,0.0,0.0,1.0,1.0,1.0,0.0,1260139.7899999863,Model should prioritize
Established,High engagement,Medium revenue,High value,Targeted retention nurture,Moderate save budget,30715,0.04225948233762006,32779802.57499997,1074090.7124999992,14.401362315409902,20.350122090183948,0.7896141950187205,0.013739215367084487,0.0,0.0,1088847.876122822,Watchlist segment
Early lifecycle,High engagement,High revenue,Elite value,Premium win-back,Premium save budget,996,0.40763052208835343,1229253.8374999994,508324.53749999986,13.735349130759728,16.211847389558233,1.0,1.0,0.0,0.0,1016649.0749999997,Model should prioritize
Established,No observed activity,High revenue,Elite value,Premium win-back,Premium save budget,977,0.8894575230296827,564770.3533333285,491861.28333333286,0.0,0.0,1.0,1.0,1.0,0.0,983722.5666666657,Model should prioritize
Long-tenure,High engagement,Low revenue,Low value,Low-cost automated retention,Automation only,51396,0.022316911821931667,41423902.29249865,857981.085,13.81958812429212,17.55477079928399,0.9997081484940462,0.003988637248034867,0.0,0.0,861403.2603137403,"Monitor, do not overspend"
Long-tenure,No observed activity,Medium revenue,High value,Targeted retention nurture,Moderate save budget,13472,0.08320961995249407,12219719.460003877,801196.4674999875,0.0,0.0,0.9993319477434679,0.036371733966745846,1.0,0.0,830337.3722709934,Reactivation strategy needed
Long-tenure,High engagement,Medium revenue,Elite value,Premium win-back,Premium save budget,610,0.9278688524590164,432845.27000000025,400821.8175000002,13.21694191903125,13.001639344262296,1.0,1.0,0.0,0.0,801643.6350000004,Model should prioritize
Established,High engagement,Medium revenue,Core value,Standard lifecycle nurture,Low-cost save budget,28270,0.0318358684117439,28867862.88749994,741341.705,14.35051146143773,20.210859568447116,0.8480367881146091,0.010505836575875487,0.0,0.0,749130.1197996108,Watchlist segment
Long-tenure,No observed activity,Medium revenue,Core value,Standard lifecycle nurture,Low-cost save budget,10617,0.08966751436375624,9310893.496668493,662942.2258333333,0.0,0.0,0.9992464914759348,0.03635678628614486,1.0,0.0,687044.674658017,Reactivation strategy needed
Long-tenure,No observed activity,Medium revenue,Elite value,High-value reactivation,Premium save budget,5251,0.07008188916396876,5301884.065833324,451795.51083333185,0.0,0.0,0.9986669205865549,0.0,1.0,0.0,451795.51083333185,Reactivation strategy needed
Long-tenure,High engagement,Low revenue,Core value,Standard lifecycle nurture,Low-cost save budget,21986,0.025197853179295914,17795392.420000155,429326.85250000015,13.810888010368132,17.522195942872738,1.0,0.0038660966069316836,0.0,0.0,430986.6715877151,"Monitor, do not overspend"
Established,High engagement,Low revenue,Low value,Low-cost automated retention,Automation only,78998,0.01038000962049672,57778660.582493015,401578.41749999917,13.571908396142671,16.380743816299148,0.9998480974201879,0.006759664801640548,0.0,0.0,404292.95299387246,"Monitor, do not overspend"
Established,High engagement,Medium revenue,Elite value,Protect high-value customer,Premium save budget,11748,0.031920326864147086,12523713.789166806,356720.61749999993,14.415483662000266,20.48987061627511,0.7612359550561798,0.0,0.0,0.0,356720.61749999993,Watchlist segment
Established,No observed activity,High revenue,Elite value,High-value reactivation,Premium save budget,728,0.20467032967032966,996546.6983333203,332622.5283333338,0.0,0.0,0.9601648351648352,0.0,1.0,0.0,332622.5283333338,Model should prioritize
Early lifecycle,High engagement,Medium revenue,High value,Targeted retention nurture,Moderate save budget,6132,0.057729941291585124,5744856.292499997,246231.4399999999,14.43349117484681,20.378506196999346,0.7015655577299413,0.01679712981082844,0.0,0.0,250367.4214611871,Watchlist segment
Unknown tenure,No observed activity,Low revenue,Low value,Low-cost automated retention,Automation only,53983,0.015578978567326752,28331220.027508028,218754.5750000007,0.0,0.0,0.9999814756497416,0.012985569531148695,1.0,0.0,221595.2277439201,Reactivation strategy needed
Established,No observed activity,Low revenue,Low value,Low-cost automated retention,Automation only,28587,0.023087417357540142,16782203.294995654,207969.54750000138,0.0,0.0,1.0,0.019974114107811244,1.0,0.0,212123.55497271626,Reactivation strategy needed
Long-tenure,Medium engagement,High revenue,Elite value,Protect high-value customer,Premium save budget,735,0.08979591836734693,1081894.4500000086,209191.51500000007,7.7813896380881475,1.5700680272108845,0.85578231292517,0.0,0.0,0.0,209191.51500000007,Watchlist segment
Unknown tenure,No observed activity,Medium revenue,Core value,Standard lifecycle nurture,Low-cost save budget,14327,0.03762127451664689,8986311.684999812,196660.19750000042,0.0,0.0,0.9997906051511133,0.026174356110839674,1.0,0.0,201807.6515421935,Reactivation strategy needed
Unknown tenure,No observed activity,Medium revenue,High value,Targeted retention nurture,Moderate save budget,11130,0.04366576819407008,7966832.575000845,184140.9049999995,0.0,0.0,0.9997304582210242,0.031626235399820304,1.0,0.0,189964.58860826542,Reactivation strategy needed
Early lifecycle,High engagement,Medium revenue,Core value,Standard lifecycle nurture,Low-cost save budget,18363,0.015302510483036541,14144117.877500001,186275.73249999998,13.853477221037837,17.660676360071882,0.937319610085498,0.004955617273865926,0.0,0.0,187198.843737679,"Monitor, do not overspend"
Established,High engagement,Low revenue,Core value,Standard lifecycle nurture,Low-cost save budget,33310,0.010507355148604023,24367585.179167666,179224.55416666673,13.57274800595474,16.365956169318522,1.0,0.006604623236265386,0.0,0.0,180408.2648216252,"Monitor, do not overspend"
Long-tenure,Medium engagement,Medium revenue,High value,Targeted retention nurture,Moderate save budget,3578,0.06512017887087758,3604049.9950000597,164882.28250000026,7.65182125059038,1.5069871436556737,0.9938513135830073,0.04499720514253773,0.0,0.0,172301.52439002265,Watchlist segment
Long-tenure,Medium engagement,Medium revenue,Core value,Standard lifecycle nurture,Low-cost save budget,3075,0.07089430894308943,2939883.992499959,155005.82500000007,7.685086945960783,1.5313821138211383,0.9941463414634146,0.04065040650406504,0.0,0.0,161306.87479674802,Watchlist segment
Long-tenure,No observed activity,Low revenue,Low value,Low-cost automated retention,Automation only,8956,0.030482358195623047,5822616.86500019,112976.49999999983,0.0,0.0,0.9998883430102724,0.02300133988387673,1.0,0.0,115575.11087539062,Reactivation strategy needed
Established,No observed activity,Medium revenue,High value,Targeted retention nurture,Moderate save budget,2519,0.0853513298928146,2010552.7324998714,106559.21250000021,0.0,0.0,0.9952362048431918,0.05795950774116713,1.0,0.0,112735.33200178665,Reactivation strategy needed
Unknown tenure,No observed activity,Low revenue,Core value,Standard lifecycle nurture,Low-cost save budget,22474,0.0168194357924713,10880832.949998697,84645.9899999997,0.0,0.0,1.0,0.013882708908071549,1.0,0.0,85821.10563940523,Reactivation strategy needed
Early lifecycle,High engagement,Medium revenue,Elite value,Protect high-value customer,Premium save budget,2291,0.04757747708424269,2139079.6700000004,82936.945,14.523943914939826,20.884766477520735,0.6569183762549106,0.0,0.0,0.0,82936.945,Watchlist segment
Established,No observed activity,Medium revenue,Core value,Standard lifecycle nurture,Low-cost save budget,2154,0.07242339832869081,1638129.4149999546,76685.27750000017,0.0,0.0,0.9967502321262767,0.04688950789229341,1.0,0.0,80281.01242455914,Reactivation strategy needed
Long-tenure,High engagement,Low revenue,Elite value,Protect high-value customer,Premium save budget,1064,0.045112781954887216,1965631.4383333328,74763.01083333333,14.151203262357795,19.097744360902254,0.9990601503759399,0.0,0.0,0.0,74763.01083333333,Watchlist segment
Established,No observed activity,Low revenue,Core value,Standard lifecycle nurture,Low-cost save budget,11991,0.020848970060878994,6557995.3724989295,70154.36999999978,0.0,0.0,1.0,0.01759653073138187,1.0,0.0,71388.84352764551,Reactivation strategy needed
Unknown tenure,No observed activity,Medium revenue,Elite value,High-value reactivation,Premium save budget,4110,0.01727493917274939,3228853.6150000026,60599.63000000003,0.0,0.0,0.9992700729927008,0.0,1.0,0.0,60599.63000000003,Reactivation strategy needed
Established,Medium engagement,Low revenue,Low value,Low-cost automated retention,Automation only,6084,0.024819197896120974,3732660.3600001656,48722.602500000095,7.569103373329465,1.4916173570019724,1.0,0.023175542406311637,0.0,0.0,49851.77524038471,"Monitor, do not overspend"
Established,No observed activity,Medium revenue,Elite value,High-value reactivation,Premium save budget,857,0.052508751458576426,754643.1966666662,46035.32916666664,0.0,0.0,0.9941656942823804,0.0,1.0,0.0,46035.32916666664,Reactivation strategy needed
Long-tenure,Medium engagement,Low revenue,Low value,Low-cost automated retention,Automation only,2814,0.028073916133617625,1912102.334999918,37731.622499999976,7.623987604993031,1.4893390191897655,1.0,0.01812366737739872,0.0,0.0,38415.457875799555,"Monitor, do not overspend"
Long-tenure,No observed activity,Low revenue,Core value,Standard lifecycle nurture,Low-cost save budget,3829,0.025332985113606685,2344046.2608332713,37621.93499999997,0.0,0.0,1.0,0.01854270044398015,1.0,0.0,38319.54727082786,Reactivation strategy needed
Established,Medium engagement,Medium revenue,High value,Targeted retention nurture,Moderate save budget,671,0.09090909090909091,594964.0774999957,32410.852500000037,7.597909983953052,1.5394932935916543,0.9731743666169895,0.07749627421758569,0.0,0.0,34922.572812965765,Watchlist segment
Long-tenure,Medium engagement,Medium revenue,Elite value,Protect high-value customer,Premium save budget,1313,0.01904036557501904,1377886.4124999926,26037.829999999994,7.681805402612753,1.511043412033511,0.9923838537699924,0.0,0.0,0.0,26037.829999999994,"Monitor, do not overspend"
Long-tenure,Medium engagement,Low revenue,Core value,Standard lifecycle nurture,Low-cost save budget,1163,0.03267411865864144,792396.1175000113,20273.012499999993,7.628783729246618,1.5021496130696474,1.0,0.017196904557179708,0.0,0.0,20621.64556104901,Watchlist segment
Established,Medium engagement,Medium revenue,Core value,Standard lifecycle nurture,Low-cost save budget,677,0.05465288035450517,571436.4174999981,19242.24250000001,7.642386312399499,1.5480059084194977,0.9852289512555391,0.04431314623338257,0.0,0.0,20094.926805760722,Watchlist segment
Established,Medium engagement,Low revenue,Core value,Standard lifecycle nurture,Low-cost save budget,2517,0.01986491855383393,1548199.867500045,16248.375000000013,7.5552652063063395,1.4866905045689314,1.0,0.018275725069527213,0.0,0.0,16545.32583432659,"Monitor, do not overspend"
Early lifecycle,High engagement,Low revenue,Low value,Low-cost automated retention,Automation only,16442,0.0020070551027855494,11045004.880000176,16528.557500000003,13.642400176972538,16.807383529984186,0.9998175404452013,0.0008514779223938694,0.0,0.0,16542.631201800268,"Monitor, do not overspend"
Early lifecycle,High engagement,Low revenue,Core value,Standard lifecycle nurture,Low-cost save budget,6919,0.0028905911258852437,4638254.692500011,9646.065,13.610422450373862,16.645035409741293,1.0,0.001734354675531146,0.0,0.0,9662.794697933226,"Monitor, do not overspend"
Early lifecycle,No observed activity,Medium revenue,Core value,Standard lifecycle nurture,Low-cost save budget,1848,0.015692640692640692,983433.8800000027,7249.807500000002,0.0,0.0,1.0,0.015692640692640692,1.0,0.0,7363.576124188314,Reactivation strategy needed
Early lifecycle,Medium engagement,Medium revenue,Core value,Standard lifecycle nurture,Low-cost save budget,1282,0.0093603744149766,761807.0524999981,4775.1275,7.473390353059381,1.6224648985959438,0.9976599063962559,0.0078003120124804995,0.0,0.0,4812.3749843993755,"Monitor, do not overspend"
Early lifecycle,No observed activity,Low revenue,Low value,Low-cost automated retention,Automation only,2867,0.006627136379490757,1509502.9949999421,3931.785000000001,0.0,0.0,1.0,0.006627136379490757,1.0,0.0,3957.841475409837,Reactivation strategy needed
Established,Low engagement,Low revenue,Low value,Low-cost automated retention,Automation only,526,0.009505703422053232,325025.414999999,1496.1375000000003,3.638041240357065,1.032319391634981,1.0,0.009505703422053232,0.0,0.0,1510.3593393536123,"Monitor, do not overspend"
Early lifecycle,Medium engagement,Low revenue,Core value,Standard lifecycle nurture,Low-cost save budget,528,0.00946969696969697,292290.57000000094,1174.3875,7.543664445565033,1.5454545454545454,1.0,0.00946969696969697,0.0,0.0,1185.50859375,"Monitor, do not overspend"
Early lifecycle,Medium engagement,Low revenue,Low value,Low-cost automated retention,Automation only,1297,0.0030840400925212026,720658.8674999896,939.5100000000001,7.485719280441718,1.4957594448727833,1.0,0.0030840400925212026,0.0,0.0,942.4074865073246,"Monitor, do not overspend"
Early lifecycle,No observed activity,Low revenue,Core value,Standard lifecycle nurture,Low-cost save budget,1210,0.0024793388429752068,589594.005000017,492.27750000000003,0.0,0.0,1.0,0.0024793388429752068,1.0,0.0,493.4980227272727,Reactivation strategy needed
Early lifecycle,High engagement,No observed revenue,No observed value,Suppress paid offer,No paid budget,3206,0.7442295695570805,0.0,0.0,12.949939349841841,11.56768558951965,0.017155333749220212,0.002495321272613849,0.0,0.0,0.0,Suppress from paid retention
Established,Medium engagement,No observed revenue,No observed value,Suppress paid offer,No paid budget,771,0.9092088197146563,0.0,0.0,7.468974387866358,1.4319066147859922,0.0038910505836575876,0.0,0.0,0.0,0.0,Suppress from paid retention
Long-tenure,Medium engagement,No observed revenue,No observed value,Suppress paid offer,No paid budget,1317,0.914958238420653,0.0,0.0,7.537496863486132,1.4502657555049354,0.010630220197418374,0.0015186028853454822,0.0,0.0,0.0,Suppress from paid retention
Unknown tenure,No observed activity,No observed revenue,No observed value,Suppress paid offer,No paid budget,8670,0.9806228373702423,0.0,0.0,0.0,0.0,0.004036908881199538,0.0029988465974625142,1.0,0.0,0.0,Suppress from paid retention
Long-tenure,High engagement,No observed revenue,No observed value,Suppress paid offer,No paid budget,15239,0.7159262418793884,0.0,0.0,13.21358073143796,12.84237810879979,0.030185707723603912,0.00032810551873482514,0.0,0.0,0.0,Suppress from paid retention
Established,High engagement,No observed revenue,No observed value,Suppress paid offer,No paid budget,9003,0.7053204487393091,0.0,0.0,13.175465871019734,12.86015772520271,0.021548372764634012,0.0005553704320781962,0.0,0.0,0.0,Suppress from paid retention
